idna_subject,checker_type,destination,source,tested_at,session_id
1.googlenews.xorg.pl,AVAILABILITY,domains.list,domains.list,2025-07-08 02:35:43.318542+00:00,359b5e6d9269575508a50e71
15minadlt.hit.gemius.pl,AVAILABILITY,domains.list,domains.list,2025-07-08 02:35:44.987203+00:00,359b5e6d9269575508a50e71
2.googlenews.xorg.pl,AVAILABILITY,domains.list,domains.list,2025-07-08 02:35:45.953527+00:00,359b5e6d9269575508a50e71
24ratownik.hit.gemius.pl,AVAILABILITY,domains.list,domains.list,2025-07-08 02:35:46.849060+00:00,359b5e6d9269575508a50e71
3.googlenews.xorg.pl,AVAILABILITY,domains.list,domains.list,2025-07-08 02:35:47.588994+00:00,359b5e6d9269575508a50e71
4.googlenews.xorg.pl,AVAILABILITY,domains.list,domains.list,2025-07-08 02:35:48.891133+00:00,359b5e6d9269575508a50e71
5.googlenews.xorg.pl,AVAILABILITY,domains.list,domains.list,2025-07-08 02:35:49.718933+00:00,359b5e6d9269575508a50e71
activeby.hit.gemius.pl,AVAILABILITY,domains.list,domains.list,2025-07-08 02:35:50.976124+00:00,359b5e6d9269575508a50e71
ad.adview.pl,AVAILABILITY,domains.list,domains.list,2025-07-08 02:35:52.192207+00:00,359b5e6d9269575508a50e71
ad.afilo.pl,AVAILABILITY,domains.list,domains.list,2025-07-08 02:35:54.608113+00:00,359b5e6d9269575508a50e71
ad.filmweb.pl,AVAILABILITY,domains.list,domains.list,2025-07-08 02:35:56.941577+00:00,359b5e6d9269575508a50e71
ad.gazeta.pl,AVAILABILITY,domains.list,domains.list,2025-07-08 02:35:58.211363+00:00,359b5e6d9269575508a50e71
ad.groupon.pl,AVAILABILITY,domains.list,domains.list,2025-07-08 02:36:09.073675+00:00,359b5e6d9269575508a50e71
ad.hit.gemius.pl,AVAILABILITY,domains.list,domains.list,2025-07-08 02:36:09.818553+00:00,359b5e6d9269575508a50e71
ad.hosting.pl,AVAILABILITY,domains.list,domains.list,2025-07-08 02:36:10.271901+00:00,359b5e6d9269575508a50e71
ad.pl.doubleclick.net,AVAILABILITY,domains.list,domains.list,2025-07-08 02:36:10.616038+00:00,359b5e6d9269575508a50e71
ad.prv.pl,AVAILABILITY,domains.list,domains.list,2025-07-08 02:36:11.848018+00:00,359b5e6d9269575508a50e71
ad.stat.4u.pl,AVAILABILITY,domains.list,domains.list,2025-07-08 02:36:13.402299+00:00,359b5e6d9269575508a50e71
ad.yoyo.pl,AVAILABILITY,domains.list,domains.list,2025-07-08 02:36:14.260296+00:00,359b5e6d9269575508a50e71
ad2.pl,AVAILABILITY,domains.list,domains.list,2025-07-08 02:36:14.957469+00:00,359b5e6d9269575508a50e71
ad2.pl.mediainter.net,AVAILABILITY,domains.list,domains.list,2025-07-08 02:36:25.301304+00:00,359b5e6d9269575508a50e71
adactiongapl.hit.gemius.pl,AVAILABILITY,domains.list,domains.list,2025-07-08 02:36:26.440747+00:00,359b5e6d9269575508a50e71
adafi.hit.gemius.pl,AVAILABILITY,domains.list,domains.list,2025-07-08 02:36:31.828764+00:00,359b5e6d9269575508a50e71
adbg.hit.gemius.pl,AVAILABILITY,domains.list,domains.list,2025-07-08 02:36:34.358856+00:00,359b5e6d9269575508a50e71
adclick.hit.gemius.pl,AVAILABILITY,domains.list,domains.list,2025-07-08 02:36:36.856360+00:00,359b5e6d9269575508a50e71
adcz.hit.gemius.pl,AVAILABILITY,domains.list,domains.list,2025-07-08 02:36:38.453916+00:00,359b5e6d9269575508a50e71
adee.hit.gemius.pl,AVAILABILITY,domains.list,domains.list,2025-07-08 02:36:39.308044+00:00,359b5e6d9269575508a50e71
adfiles.o2.pl.sds.o2.pl,AVAILABILITY,domains.list,domains.list,2025-07-08 02:36:41.431293+00:00,359b5e6d9269575508a50e71
adhr.hit.gemius.pl,AVAILABILITY,domains.list,domains.list,2025-07-08 02:36:42.264472+00:00,359b5e6d9269575508a50e71
adidm.idmnet.pl,AVAILABILITY,domains.list,domains.list,2025-07-08 02:36:52.407948+00:00,359b5e6d9269575508a50e71
adidm07.idmnet.pl,AVAILABILITY,domains.list,domains.list,2025-07-08 02:37:02.548657+00:00,359b5e6d9269575508a50e71
adkontekst.pl,AVAILABILITY,domains.list,domains.list,2025-07-08 02:37:03.582739+00:00,359b5e6d9269575508a50e71
adlt.hit.gemius.pl,AVAILABILITY,domains.list,domains.list,2025-07-08 02:37:06.322232+00:00,359b5e6d9269575508a50e71
adlv.hit.gemius.pl,AVAILABILITY,domains.list,domains.list,2025-07-08 02:37:07.330644+00:00,359b5e6d9269575508a50e71
adnet.hit.gemius.pl,AVAILABILITY,domains.list,domains.list,2025-07-08 02:37:09.973309+00:00,359b5e6d9269575508a50e71
adnetgalt.hit.gemius.pl,AVAILABILITY,domains.list,domains.list,2025-07-08 02:37:10.716104+00:00,359b5e6d9269575508a50e71
adocean-by.hit.gemius.pl,AVAILABILITY,domains.list,domains.list,2025-07-08 02:37:11.720922+00:00,359b5e6d9269575508a50e71
adocean-cz.hit.gemius.pl,AVAILABILITY,domains.list,domains.list,2025-07-08 02:37:12.709109+00:00,359b5e6d9269575508a50e71
adocean-ee.hit.gemius.pl,AVAILABILITY,domains.list,domains.list,2025-07-08 02:37:13.593644+00:00,359b5e6d9269575508a50e71
adocean-hr.hit.gemius.pl,AVAILABILITY,domains.list,domains.list,2025-07-08 02:37:14.435926+00:00,359b5e6d9269575508a50e71
adocean-lt.hit.gemius.pl,AVAILABILITY,domains.list,domains.list,2025-07-08 02:37:17.071191+00:00,359b5e6d9269575508a50e71
adocean-lv.hit.gemius.pl,AVAILABILITY,domains.list,domains.list,2025-07-08 02:37:18.335895+00:00,359b5e6d9269575508a50e71
adocean-pl.hit.gemius.pl,AVAILABILITY,domains.list,domains.list,2025-07-08 02:37:19.208538+00:00,359b5e6d9269575508a50e71
adocean-ro.hit.gemius.pl,AVAILABILITY,domains.list,domains.list,2025-07-08 02:37:20.111427+00:00,359b5e6d9269575508a50e71
adocean-si.hit.gemius.pl,AVAILABILITY,domains.list,domains.list,2025-07-08 02:37:21.063042+00:00,359b5e6d9269575508a50e71
adocean-ua.hit.gemius.pl,AVAILABILITY,domains.list,domains.list,2025-07-08 02:37:23.567671+00:00,359b5e6d9269575508a50e71
adp.adview.pl,AVAILABILITY,domains.list,domains.list,2025-07-08 02:37:24.521329+00:00,359b5e6d9269575508a50e71
adp.gazeta.pl,AVAILABILITY,domains.list,domains.list,2025-07-08 02:37:25.270394+00:00,359b5e6d9269575508a50e71
adro.hit.gemius.pl,AVAILABILITY,domains.list,domains.list,2025-07-08 02:37:26.171681+00:00,359b5e6d9269575508a50e71
adrs.hit.gemius.pl,AVAILABILITY,domains.list,domains.list,2025-07-08 02:37:27.265788+00:00,359b5e6d9269575508a50e71
ads.businessclick.pl,AVAILABILITY,domains.list,domains.list,2025-07-08 02:37:37.935250+00:00,359b5e6d9269575508a50e71
ads.comperia.pl,AVAILABILITY,domains.list,domains.list,2025-07-08 02:37:38.397903+00:00,359b5e6d9269575508a50e71
ads.idg.com.pl,AVAILABILITY,domains.list,domains.list,2025-07-08 02:37:40.829738+00:00,359b5e6d9269575508a50e71
ads.newdb.mtp.pl,AVAILABILITY,domains.list,domains.list,2025-07-08 02:37:45.368412+00:00,359b5e6d9269575508a50e71
ads.novem.pl,AVAILABILITY,domains.list,domains.list,2025-07-08 02:37:45.817030+00:00,359b5e6d9269575508a50e71
ads.o2.pl,AVAILABILITY,domains.list,domains.list,2025-07-08 02:37:56.572773+00:00,359b5e6d9269575508a50e71
ads.open.pl,AVAILABILITY,domains.list,domains.list,2025-07-08 02:37:56.751126+00:00,359b5e6d9269575508a50e71
ads2.ekologia.pl,AVAILABILITY,domains.list,domains.list,2025-07-08 02:37:58.990248+00:00,359b5e6d9269575508a50e71
adsearch.adkontekst.pl,AVAILABILITY,domains.list,domains.list,2025-07-08 02:38:00.580524+00:00,359b5e6d9269575508a50e71
adsearch.pl,AVAILABILITY,domains.list,domains.list,2025-07-08 02:38:00.942709+00:00,359b5e6d9269575508a50e71
adsearch.wp.pl,AVAILABILITY,domains.list,domains.list,2025-07-08 02:38:11.428929+00:00,359b5e6d9269575508a50e71
adserver.gadu-gadu.pl,AVAILABILITY,domains.list,domains.list,2025-07-08 02:38:12.560421+00:00,359b5e6d9269575508a50e71
adserver.home.pl,AVAILABILITY,domains.list,domains.list,2025-07-08 02:38:14.006323+00:00,359b5e6d9269575508a50e71
adserver.magazyn.pl,AVAILABILITY,domains.list,domains.list,2025-07-08 02:38:14.854841+00:00,359b5e6d9269575508a50e71
adserver.o2.pl,AVAILABILITY,domains.list,domains.list,2025-07-08 02:38:25.629058+00:00,359b5e6d9269575508a50e71
adserver.pl,AVAILABILITY,domains.list,domains.list,2025-07-08 02:38:35.796464+00:00,359b5e6d9269575508a50e71
adserver.portal.pl,AVAILABILITY,domains.list,domains.list,2025-07-08 02:38:46.571132+00:00,359b5e6d9269575508a50e71
adserver.swiatobrazu.pl,AVAILABILITY,domains.list,domains.list,2025-07-08 02:38:48.839276+00:00,359b5e6d9269575508a50e71
adserver.yanosik.pl,AVAILABILITY,domains.list,domains.list,2025-07-08 02:38:49.585299+00:00,359b5e6d9269575508a50e71
adserwer.afilo.pl,AVAILABILITY,domains.list,domains.list,2025-07-08 02:38:52.074944+00:00,359b5e6d9269575508a50e71
adseu.novem.pl,AVAILABILITY,domains.list,domains.list,2025-07-08 02:39:02.383830+00:00,359b5e6d9269575508a50e71
adsrv.lua.pl,AVAILABILITY,domains.list,domains.list,2025-07-08 02:39:07.575782+00:00,359b5e6d9269575508a50e71
adstat.4u.pl,AVAILABILITY,domains.list,domains.list,2025-07-08 02:39:08.866080+00:00,359b5e6d9269575508a50e71
adtaily.pl,AVAILABILITY,domains.list,domains.list,2025-07-08 02:39:10.048230+00:00,359b5e6d9269575508a50e71
adtext.pl,AVAILABILITY,domains.list,domains.list,2025-07-08 02:39:11.233151+00:00,359b5e6d9269575508a50e71
adtotal.pl,AVAILABILITY,domains.list,domains.list,2025-07-08 02:39:13.080939+00:00,359b5e6d9269575508a50e71
adtrack1.pl,AVAILABILITY,domains.list,domains.list,2025-07-08 02:39:14.741710+00:00,359b5e6d9269575508a50e71
adv.adview.pl,AVAILABILITY,domains.list,domains.list,2025-07-08 02:39:15.848377+00:00,359b5e6d9269575508a50e71
adv.dot.wp.pl,AVAILABILITY,domains.list,domains.list,2025-07-08 02:39:17.687027+00:00,359b5e6d9269575508a50e71
adv.gazeta.pl,AVAILABILITY,domains.list,domains.list,2025-07-08 02:39:18.674883+00:00,359b5e6d9269575508a50e71
adv.wp.pl,AVAILABILITY,domains.list,domains.list,2025-07-08 02:39:19.512350+00:00,359b5e6d9269575508a50e71
advice.hit.gemius.pl,AVAILABILITY,domains.list,domains.list,2025-07-08 02:39:22.148443+00:00,359b5e6d9269575508a50e71
advicead.hit.gemius.pl,AVAILABILITY,domains.list,domains.list,2025-07-08 02:39:23.160272+00:00,359b5e6d9269575508a50e71
adview.pl,AVAILABILITY,domains.list,domains.list,2025-07-08 02:39:23.762486+00:00,359b5e6d9269575508a50e71
afilo.pl,AVAILABILITY,domains.list,domains.list,2025-07-08 02:39:25.372754+00:00,359b5e6d9269575508a50e71
allegro.hit.gemius.pl,AVAILABILITY,domains.list,domains.list,2025-07-08 02:39:26.473565+00:00,359b5e6d9269575508a50e71
analytics.gazeta.pl,AVAILABILITY,domains.list,domains.list,2025-07-08 02:39:37.113306+00:00,359b5e6d9269575508a50e71
ankieta-online.pl,AVAILABILITY,domains.list,domains.list,2025-07-08 02:39:38.179646+00:00,359b5e6d9269575508a50e71
aolt.hit.gemius.pl,AVAILABILITY,domains.list,domains.list,2025-07-08 02:39:40.673208+00:00,359b5e6d9269575508a50e71
aolv.hit.gemius.pl,AVAILABILITY,domains.list,domains.list,2025-07-08 02:39:41.668338+00:00,359b5e6d9269575508a50e71
apolloadlv.hit.gemius.pl,AVAILABILITY,domains.list,domains.list,2025-07-08 02:39:44.308398+00:00,359b5e6d9269575508a50e71
app2.salesmanago.pl,AVAILABILITY,domains.list,domains.list,2025-07-08 02:39:48.393625+00:00,359b5e6d9269575508a50e71
arbo.hit.gemius.pl,AVAILABILITY,domains.list,domains.list,2025-07-08 02:39:49.259017+00:00,359b5e6d9269575508a50e71
arbomedia.pl,AVAILABILITY,domains.list,domains.list,2025-07-08 02:39:49.958932+00:00,359b5e6d9269575508a50e71
aripaadee.hit.gemius.pl,AVAILABILITY,domains.list,domains.list,2025-07-08 02:39:52.463563+00:00,359b5e6d9269575508a50e71
aripaee.adocean.pl,AVAILABILITY,domains.list,domains.list,2025-07-08 02:39:53.204299+00:00,359b5e6d9269575508a50e71
avt.hit.gemius.pl,AVAILABILITY,domains.list,domains.list,2025-07-08 02:39:55.457269+00:00,359b5e6d9269575508a50e71
axel.hit.gemius.pl,AVAILABILITY,domains.list,domains.list,2025-07-08 02:39:56.421773+00:00,359b5e6d9269575508a50e71
b92adrs.hit.gemius.pl,AVAILABILITY,domains.list,domains.list,2025-07-08 02:39:57.380933+00:00,359b5e6d9269575508a50e71
b92rs.adocean.pl,AVAILABILITY,domains.list,domains.list,2025-07-08 02:39:59.980452+00:00,359b5e6d9269575508a50e71
badv.wp.pl,AVAILABILITY,domains.list,domains.list,2025-07-08 02:40:03.183167+00:00,359b5e6d9269575508a50e71
banery.netart.pl,AVAILABILITY,domains.list,domains.list,2025-07-08 02:40:14.195265+00:00,359b5e6d9269575508a50e71
banery.onet.pl,AVAILABILITY,domains.list,domains.list,2025-07-08 02:40:15.064466+00:00,359b5e6d9269575508a50e71
banki.onet.pl,AVAILABILITY,domains.list,domains.list,2025-07-08 02:40:15.784171+00:00,359b5e6d9269575508a50e71
banners.iq.pl,AVAILABILITY,domains.list,domains.list,2025-07-08 02:40:16.838169+00:00,359b5e6d9269575508a50e71
bbcdn.code.new.smartcontext.pl,AVAILABILITY,domains.list,domains.list,2025-07-08 02:40:19.212835+00:00,359b5e6d9269575508a50e71
bestjobs.hit.gemius.pl,AVAILABILITY,domains.list,domains.list,2025-07-08 02:40:20.322030+00:00,359b5e6d9269575508a50e71
bg.adocean.pl,AVAILABILITY,domains.list,domains.list,2025-07-08 02:40:21.478943+00:00,359b5e6d9269575508a50e71
bg.hit.gemius.pl,AVAILABILITY,domains.list,domains.list,2025-07-08 02:40:23.879388+00:00,359b5e6d9269575508a50e71
bggde-new.adocean.pl,AVAILABILITY,domains.list,domains.list,2025-07-08 02:40:25.030568+00:00,359b5e6d9269575508a50e71
bggde.adocean.pl,AVAILABILITY,domains.list,domains.list,2025-07-08 02:40:26.161228+00:00,359b5e6d9269575508a50e71
bi.adview.pl,AVAILABILITY,domains.list,domains.list,2025-07-08 02:40:26.911278+00:00,359b5e6d9269575508a50e71
blitzadbg.hit.gemius.pl,AVAILABILITY,domains.list,domains.list,2025-07-08 02:40:27.784639+00:00,359b5e6d9269575508a50e71
blitzbg.adocean.pl,AVAILABILITY,domains.list,domains.list,2025-07-08 02:40:28.655391+00:00,359b5e6d9269575508a50e71
blogvertising.pl,AVAILABILITY,domains.list,domains.list,2025-07-08 02:40:30.512813+00:00,359b5e6d9269575508a50e71
boksy.dir.onet.pl,AVAILABILITY,domains.list,domains.list,2025-07-08 02:40:40.742392+00:00,359b5e6d9269575508a50e71
boksy.onet.pl,AVAILABILITY,domains.list,domains.list,2025-07-08 02:40:41.489012+00:00,359b5e6d9269575508a50e71
c1.gostats.pl,AVAILABILITY,domains.list,domains.list,2025-07-08 02:40:41.854311+00:00,359b5e6d9269575508a50e71
c2.gostats.pl,AVAILABILITY,domains.list,domains.list,2025-07-08 02:40:52.086450+00:00,359b5e6d9269575508a50e71
c3.gostats.pl,AVAILABILITY,domains.list,domains.list,2025-07-08 02:40:52.313110+00:00,359b5e6d9269575508a50e71
c4.gostats.pl,AVAILABILITY,domains.list,domains.list,2025-07-08 02:40:52.516283+00:00,359b5e6d9269575508a50e71
c5.gostats.pl,AVAILABILITY,domains.list,domains.list,2025-07-08 02:41:02.742107+00:00,359b5e6d9269575508a50e71
centrumcz.hit.gemius.pl,AVAILABILITY,domains.list,domains.list,2025-07-08 02:41:03.578400+00:00,359b5e6d9269575508a50e71
clickad.eo.pl,AVAILABILITY,domains.list,domains.list,2025-07-08 02:41:05.708922+00:00,359b5e6d9269575508a50e71
code.new.smartcontext.pl,AVAILABILITY,domains.list,domains.list,2025-07-08 02:41:07.203147+00:00,359b5e6d9269575508a50e71
contextad.pl,AVAILABILITY,domains.list,domains.list,2025-07-08 02:41:07.720089+00:00,359b5e6d9269575508a50e71
corm.hit.gemius.pl,AVAILABILITY,domains.list,domains.list,2025-07-08 02:41:08.685265+00:00,359b5e6d9269575508a50e71
counter.webmedia.pl,AVAILABILITY,domains.list,domains.list,2025-07-08 02:41:10.132921+00:00,359b5e6d9269575508a50e71
crv.clickad.pl,AVAILABILITY,domains.list,domains.list,2025-07-08 02:41:20.845570+00:00,359b5e6d9269575508a50e71
csr.onet.pl,AVAILABILITY,domains.list,domains.list,2025-07-08 02:41:21.096972+00:00,359b5e6d9269575508a50e71
cz.adocean.pl,AVAILABILITY,domains.list,domains.list,2025-07-08 02:41:22.078888+00:00,359b5e6d9269575508a50e71
cz.hit.gemius.pl,AVAILABILITY,domains.list,domains.list,2025-07-08 02:41:22.918350+00:00,359b5e6d9269575508a50e71
darikspaceadbg.hit.gemius.pl,AVAILABILITY,domains.list,domains.list,2025-07-08 02:41:23.933685+00:00,359b5e6d9269575508a50e71
delfiadee.hit.gemius.pl,AVAILABILITY,domains.list,domains.list,2025-07-08 02:41:24.817148+00:00,359b5e6d9269575508a50e71
delfiadlt.hit.gemius.pl,AVAILABILITY,domains.list,domains.list,2025-07-08 02:41:25.824365+00:00,359b5e6d9269575508a50e71
delfiadlv.hit.gemius.pl,AVAILABILITY,domains.list,domains.list,2025-07-08 02:41:26.577706+00:00,359b5e6d9269575508a50e71
delfilv.hit.gemius.pl,AVAILABILITY,domains.list,domains.list,2025-07-08 02:41:27.859463+00:00,359b5e6d9269575508a50e71
delivery.clickonometrics.pl,AVAILABILITY,domains.list,domains.list,2025-07-08 02:41:29.581662+00:00,359b5e6d9269575508a50e71
diginetlt.hit.gemius.pl,AVAILABILITY,domains.list,domains.list,2025-07-08 02:41:30.697562+00:00,359b5e6d9269575508a50e71
digital4adro.hit.gemius.pl,AVAILABILITY,domains.list,domains.list,2025-07-08 02:41:31.958354+00:00,359b5e6d9269575508a50e71
dirbg.hit.gemius.pl,AVAILABILITY,domains.list,domains.list,2025-07-08 02:41:32.952029+00:00,359b5e6d9269575508a50e71
dot.wp.pl,AVAILABILITY,domains.list,domains.list,2025-07-08 02:41:33.556103+00:00,359b5e6d9269575508a50e71
ds.onet.pl,AVAILABILITY,domains.list,domains.list,2025-07-08 02:41:43.798548+00:00,359b5e6d9269575508a50e71
edipresse.adocean.pl,AVAILABILITY,domains.list,domains.list,2025-07-08 02:41:44.533441+00:00,359b5e6d9269575508a50e71
edipresse.hit.gemius.pl,AVAILABILITY,domains.list,domains.list,2025-07-08 02:41:45.406317+00:00,359b5e6d9269575508a50e71
ee.adocean.pl,AVAILABILITY,domains.list,domains.list,2025-07-08 02:41:46.400629+00:00,359b5e6d9269575508a50e71
ee.hit.gemius.pl,AVAILABILITY,domains.list,domains.list,2025-07-08 02:41:47.276311+00:00,359b5e6d9269575508a50e71
eega.hit.gemius.pl,AVAILABILITY,domains.list,domains.list,2025-07-08 02:41:48.415187+00:00,359b5e6d9269575508a50e71
eegde.adocean.pl,AVAILABILITY,domains.list,domains.list,2025-07-08 02:41:49.287001+00:00,359b5e6d9269575508a50e71
emisja.adsearch.pl,AVAILABILITY,domains.list,domains.list,2025-07-08 02:41:50.779424+00:00,359b5e6d9269575508a50e71
emisjawidgeet.onet.pl,AVAILABILITY,domains.list,domains.list,2025-07-08 02:41:51.157549+00:00,359b5e6d9269575508a50e71
eniro.hit.gemius.pl,AVAILABILITY,domains.list,domains.list,2025-07-08 02:41:52.165566+00:00,359b5e6d9269575508a50e71
g1.idg.pl,AVAILABILITY,domains.list,domains.list,2025-07-08 02:41:52.508716+00:00,359b5e6d9269575508a50e71
gaae.hit.gemius.pl,AVAILABILITY,domains.list,domains.list,2025-07-08 02:42:03.280693+00:00,359b5e6d9269575508a50e71
gaat.hit.gemius.pl,AVAILABILITY,domains.list,domains.list,2025-07-08 02:42:13.916945+00:00,359b5e6d9269575508a50e71
gaba.hit.gemius.pl,AVAILABILITY,domains.list,domains.list,2025-07-08 02:42:24.679992+00:00,359b5e6d9269575508a50e71
gabe.hit.gemius.pl,AVAILABILITY,domains.list,domains.list,2025-07-08 02:42:25.678487+00:00,359b5e6d9269575508a50e71
gabg.hit.gemius.pl,AVAILABILITY,domains.list,domains.list,2025-07-08 02:42:27.946674+00:00,359b5e6d9269575508a50e71
gaby.hit.gemius.pl,AVAILABILITY,domains.list,domains.list,2025-07-08 02:42:38.835113+00:00,359b5e6d9269575508a50e71
gacz.hit.gemius.pl,AVAILABILITY,domains.list,domains.list,2025-07-08 02:42:39.672544+00:00,359b5e6d9269575508a50e71
gadk.hit.gemius.pl,AVAILABILITY,domains.list,domains.list,2025-07-08 02:42:40.672477+00:00,359b5e6d9269575508a50e71
gadnet.hit.gemius.pl,AVAILABILITY,domains.list,domains.list,2025-07-08 02:42:41.555630+00:00,359b5e6d9269575508a50e71
gaee.hit.gemius.pl,AVAILABILITY,domains.list,domains.list,2025-07-08 02:42:42.679439+00:00,359b5e6d9269575508a50e71
gahu.hit.gemius.pl,AVAILABILITY,domains.list,domains.list,2025-07-08 02:42:45.311146+00:00,359b5e6d9269575508a50e71
gail.hit.gemius.pl,AVAILABILITY,domains.list,domains.list,2025-07-08 02:42:56.075958+00:00,359b5e6d9269575508a50e71
gajo.hit.gemius.pl,AVAILABILITY,domains.list,domains.list,2025-07-08 02:43:06.720792+00:00,359b5e6d9269575508a50e71
gakz.hit.gemius.pl,AVAILABILITY,domains.list,domains.list,2025-07-08 02:43:18.856515+00:00,359b5e6d9269575508a50e71
galb.hit.gemius.pl,AVAILABILITY,domains.list,domains.list,2025-07-08 02:43:31.126475+00:00,359b5e6d9269575508a50e71
galindia.hit.gemius.pl,AVAILABILITY,domains.list,domains.list,2025-07-08 02:43:33.500990+00:00,359b5e6d9269575508a50e71
galt.hit.gemius.pl,AVAILABILITY,domains.list,domains.list,2025-07-08 02:43:35.870749+00:00,359b5e6d9269575508a50e71
galv.hit.gemius.pl,AVAILABILITY,domains.list,domains.list,2025-07-08 02:43:36.868289+00:00,359b5e6d9269575508a50e71
gamk.hit.gemius.pl,AVAILABILITY,domains.list,domains.list,2025-07-08 02:43:47.381645+00:00,359b5e6d9269575508a50e71
gapl.hit.gemius.pl,AVAILABILITY,domains.list,domains.list,2025-07-08 02:43:48.516315+00:00,359b5e6d9269575508a50e71
garo.hit.gemius.pl,AVAILABILITY,domains.list,domains.list,2025-07-08 02:43:49.427232+00:00,359b5e6d9269575508a50e71
gars.hit.gemius.pl,AVAILABILITY,domains.list,domains.list,2025-07-08 02:43:50.273266+00:00,359b5e6d9269575508a50e71
garu.hit.gemius.pl,AVAILABILITY,domains.list,domains.list,2025-07-08 02:44:01.164684+00:00,359b5e6d9269575508a50e71
gask.hit.gemius.pl,AVAILABILITY,domains.list,domains.list,2025-07-08 02:44:01.998346+00:00,359b5e6d9269575508a50e71
gatr.hit.gemius.pl,AVAILABILITY,domains.list,domains.list,2025-07-08 02:44:02.832158+00:00,359b5e6d9269575508a50e71
gaua.hit.gemius.pl,AVAILABILITY,domains.list,domains.list,2025-07-08 02:44:03.964460+00:00,359b5e6d9269575508a50e71
gazeta.hit.gemius.pl,AVAILABILITY,domains.list,domains.list,2025-07-08 02:44:04.951889+00:00,359b5e6d9269575508a50e71
gde-default.hit.gemius.pl,AVAILABILITY,domains.list,domains.list,2025-07-08 02:44:05.696323+00:00,359b5e6d9269575508a50e71
gdebg.hit.gemius.pl,AVAILABILITY,domains.list,domains.list,2025-07-08 02:44:06.677486+00:00,359b5e6d9269575508a50e71
gdecz.hit.gemius.pl,AVAILABILITY,domains.list,domains.list,2025-07-08 02:44:07.652521+00:00,359b5e6d9269575508a50e71
gdeee.hit.gemius.pl,AVAILABILITY,domains.list,domains.list,2025-07-08 02:44:08.648344+00:00,359b5e6d9269575508a50e71
gdeil.hit.gemius.pl,AVAILABILITY,domains.list,domains.list,2025-07-08 02:44:09.817572+00:00,359b5e6d9269575508a50e71
gdelt.hit.gemius.pl,AVAILABILITY,domains.list,domains.list,2025-07-08 02:44:10.948157+00:00,359b5e6d9269575508a50e71
gdelv.hit.gemius.pl,AVAILABILITY,domains.list,domains.list,2025-07-08 02:44:11.958092+00:00,359b5e6d9269575508a50e71
gders.hit.gemius.pl,AVAILABILITY,domains.list,domains.list,2025-07-08 02:44:14.331876+00:00,359b5e6d9269575508a50e71
gdesk.hit.gemius.pl,AVAILABILITY,domains.list,domains.list,2025-07-08 02:44:15.294519+00:00,359b5e6d9269575508a50e71
gdetr.hit.gemius.pl,AVAILABILITY,domains.list,domains.list,2025-07-08 02:44:16.257422+00:00,359b5e6d9269575508a50e71
gem.pl,AVAILABILITY,domains.list,domains.list,2025-07-08 02:44:16.622696+00:00,359b5e6d9269575508a50e71
gemadhu.hit.gemius.pl,AVAILABILITY,domains.list,domains.list,2025-07-08 02:44:17.490648+00:00,359b5e6d9269575508a50e71
gemius.pl,AVAILABILITY,domains.list,domains.list,2025-07-08 02:44:18.953858+00:00,359b5e6d9269575508a50e71
generalmediaadhu.hit.gemius.pl,AVAILABILITY,domains.list,domains.list,2025-07-08 02:44:19.839546+00:00,359b5e6d9269575508a50e71
geo.interia.pl,AVAILABILITY,domains.list,domains.list,2025-07-08 02:44:20.865807+00:00,359b5e6d9269575508a50e71
gg.hit.gemius.pl,AVAILABILITY,domains.list,domains.list,2025-07-08 02:44:21.698516+00:00,359b5e6d9269575508a50e71
ghmbg.hit.gemius.pl,AVAILABILITY,domains.list,domains.list,2025-07-08 02:44:22.557504+00:00,359b5e6d9269575508a50e71
ghmme.hit.gemius.pl,AVAILABILITY,domains.list,domains.list,2025-07-08 02:44:33.183563+00:00,359b5e6d9269575508a50e71
ghmpl.hit.gemius.pl,AVAILABILITY,domains.list,domains.list,2025-07-08 02:44:34.181271+00:00,359b5e6d9269575508a50e71
ghmrs.hit.gemius.pl,AVAILABILITY,domains.list,domains.list,2025-07-08 02:44:35.282502+00:00,359b5e6d9269575508a50e71
ghmtr.hit.gemius.pl,AVAILABILITY,domains.list,domains.list,2025-07-08 02:44:36.256826+00:00,359b5e6d9269575508a50e71
go2.hit.gemius.pl,AVAILABILITY,domains.list,domains.list,2025-07-08 02:44:37.359080+00:00,359b5e6d9269575508a50e71
goldbach.hit.gemius.pl,AVAILABILITY,domains.list,domains.list,2025-07-08 02:44:38.370200+00:00,359b5e6d9269575508a50e71
googlenews.xorg.pl,AVAILABILITY,domains.list,domains.list,2025-07-08 02:44:40.064154+00:00,359b5e6d9269575508a50e71
gostats.pl,AVAILABILITY,domains.list,domains.list,2025-07-08 02:44:45.259455+00:00,359b5e6d9269575508a50e71
gspro.hit.gemius.pl,AVAILABILITY,domains.list,domains.list,2025-07-08 02:44:46.326209+00:00,359b5e6d9269575508a50e71
gtlt.hit.gemius.pl,AVAILABILITY,domains.list,domains.list,2025-07-08 02:44:58.595990+00:00,359b5e6d9269575508a50e71
gtlv.hit.gemius.pl,AVAILABILITY,domains.list,domains.list,2025-07-08 02:45:09.233641+00:00,359b5e6d9269575508a50e71
hit.gemius.pl,AVAILABILITY,domains.list,domains.list,2025-07-08 02:45:09.972352+00:00,359b5e6d9269575508a50e71
hr.adocean.pl,AVAILABILITY,domains.list,domains.list,2025-07-08 02:45:11.046401+00:00,359b5e6d9269575508a50e71
hr.hit.gemius.pl,AVAILABILITY,domains.list,domains.list,2025-07-08 02:45:13.385503+00:00,359b5e6d9269575508a50e71
hrgde.adocean.pl,AVAILABILITY,domains.list,domains.list,2025-07-08 02:45:14.217561+00:00,359b5e6d9269575508a50e71
hu.hit.gemius.pl,AVAILABILITY,domains.list,domains.list,2025-07-08 02:45:15.091850+00:00,359b5e6d9269575508a50e71
huadn.hit.gemius.pl,AVAILABILITY,domains.list,domains.list,2025-07-08 02:45:16.092831+00:00,359b5e6d9269575508a50e71
hub.com.pl,AVAILABILITY,domains.list,domains.list,2025-07-08 02:45:16.719978+00:00,359b5e6d9269575508a50e71
hugde.adocean.pl,AVAILABILITY,domains.list,domains.list,2025-07-08 02:45:17.702921+00:00,359b5e6d9269575508a50e71
huiwiw.hit.gemius.pl,AVAILABILITY,domains.list,domains.list,2025-07-08 02:45:18.695735+00:00,359b5e6d9269575508a50e71
i.interia.pl,AVAILABILITY,domains.list,domains.list,2025-07-08 02:45:21.319293+00:00,359b5e6d9269575508a50e71
icorpadro.hit.gemius.pl,AVAILABILITY,domains.list,domains.list,2025-07-08 02:45:22.354066+00:00,359b5e6d9269575508a50e71
idg.hit.gemius.pl,AVAILABILITY,domains.list,domains.list,2025-07-08 02:45:23.220549+00:00,359b5e6d9269575508a50e71
idm.hit.gemius.pl,AVAILABILITY,domains.list,domains.list,2025-07-08 02:45:25.771222+00:00,359b5e6d9269575508a50e71
im.of.pl,AVAILABILITY,domains.list,domains.list,2025-07-08 02:45:26.669308+00:00,359b5e6d9269575508a50e71
im.xo.pl,AVAILABILITY,domains.list,domains.list,2025-07-08 02:45:27.642413+00:00,359b5e6d9269575508a50e71
indexhu.adocean.pl,AVAILABILITY,domains.list,domains.list,2025-07-08 02:45:28.511330+00:00,359b5e6d9269575508a50e71
interia.adsearch.adkontekst.pl,AVAILABILITY,domains.list,domains.list,2025-07-08 02:45:29.473215+00:00,359b5e6d9269575508a50e71
interia.hit.gemius.pl,AVAILABILITY,domains.list,domains.list,2025-07-08 02:45:30.609052+00:00,359b5e6d9269575508a50e71
intrack.pl,AVAILABILITY,domains.list,domains.list,2025-07-08 02:45:30.732017+00:00,359b5e6d9269575508a50e71
investoradbg.hit.gemius.pl,AVAILABILITY,domains.list,domains.list,2025-07-08 02:45:31.725589+00:00,359b5e6d9269575508a50e71
ipla.hit.gemius.pl,AVAILABILITY,domains.list,domains.list,2025-07-08 02:45:34.462274+00:00,359b5e6d9269575508a50e71
ipla.hit.stat24.com,AVAILABILITY,domains.list,domains.list,2025-07-08 02:45:43.130955+00:00,359b5e6d9269575508a50e71
keepaneyeadmk.hit.gemius.pl,AVAILABILITY,domains.list,domains.list,2025-07-08 02:45:44.243158+00:00,359b5e6d9269575508a50e71
keepaneyemk.adocean.pl,AVAILABILITY,domains.list,domains.list,2025-07-08 02:45:45.133978+00:00,359b5e6d9269575508a50e71
kon.hit.gemius.pl,AVAILABILITY,domains.list,domains.list,2025-07-08 02:45:46.014774+00:00,359b5e6d9269575508a50e71
kropka.onet.pl,AVAILABILITY,domains.list,domains.list,2025-07-08 02:45:46.396374+00:00,359b5e6d9269575508a50e71
leadmy.pl,AVAILABILITY,domains.list,domains.list,2025-07-08 02:45:47.816613+00:00,359b5e6d9269575508a50e71
lrytasadlt.hit.gemius.pl,AVAILABILITY,domains.list,domains.list,2025-07-08 02:45:48.825757+00:00,359b5e6d9269575508a50e71
ls.hit.gemius.pl,AVAILABILITY,domains.list,domains.list,2025-07-08 02:45:51.422062+00:00,359b5e6d9269575508a50e71
lt.adocean.pl,AVAILABILITY,domains.list,domains.list,2025-07-08 02:45:52.296446+00:00,359b5e6d9269575508a50e71
lt.hit.gemius.pl,AVAILABILITY,domains.list,domains.list,2025-07-08 02:45:53.164703+00:00,359b5e6d9269575508a50e71
lv.adocean.pl,AVAILABILITY,domains.list,domains.list,2025-07-08 02:45:54.163567+00:00,359b5e6d9269575508a50e71
lv.hit.gemius.pl,AVAILABILITY,domains.list,domains.list,2025-07-08 02:45:56.541418+00:00,359b5e6d9269575508a50e71
m.pl.pornzone.tv,AVAILABILITY,domains.list,domains.list,2025-07-08 02:46:03.587118+00:00,359b5e6d9269575508a50e71
mbank.hit.gemius.pl,AVAILABILITY,domains.list,domains.list,2025-07-08 02:46:04.469344+00:00,359b5e6d9269575508a50e71
media.nk-net.pl,AVAILABILITY,domains.list,domains.list,2025-07-08 02:46:05.478156+00:00,359b5e6d9269575508a50e71
mediaregad.hit.gemius.pl,AVAILABILITY,domains.list,domains.list,2025-07-08 02:46:16.241946+00:00,359b5e6d9269575508a50e71
megapanel.gem.pl,AVAILABILITY,domains.list,domains.list,2025-07-08 02:46:27.030309+00:00,359b5e6d9269575508a50e71
metagaua.hit.gemius.pl,AVAILABILITY,domains.list,domains.list,2025-07-08 02:46:29.409032+00:00,359b5e6d9269575508a50e71
mklik.gazeta.pl,AVAILABILITY,domains.list,domains.list,2025-07-08 02:46:31.536894+00:00,359b5e6d9269575508a50e71
mobi.yanosik.pl,AVAILABILITY,domains.list,domains.list,2025-07-08 02:46:31.910640+00:00,359b5e6d9269575508a50e71
mreg.hit.gemius.pl,AVAILABILITY,domains.list,domains.list,2025-07-08 02:46:32.914283+00:00,359b5e6d9269575508a50e71
my.adocean.pl,AVAILABILITY,domains.list,domains.list,2025-07-08 02:46:33.785669+00:00,359b5e6d9269575508a50e71
myao.adocean.pl,AVAILABILITY,domains.list,domains.list,2025-07-08 02:46:34.791265+00:00,359b5e6d9269575508a50e71
negadbg.hit.gemius.pl,AVAILABILITY,domains.list,domains.list,2025-07-08 02:46:35.671249+00:00,359b5e6d9269575508a50e71
neogenadro.hit.gemius.pl,AVAILABILITY,domains.list,domains.list,2025-07-08 02:46:36.819985+00:00,359b5e6d9269575508a50e71
netsprint.hit.gemius.pl,AVAILABILITY,domains.list,domains.list,2025-07-08 02:46:37.695132+00:00,359b5e6d9269575508a50e71
new.smartcontext.pl,AVAILABILITY,domains.list,domains.list,2025-07-08 02:46:38.815683+00:00,359b5e6d9269575508a50e71
novem.onet.pl,AVAILABILITY,domains.list,domains.list,2025-07-08 02:46:39.163012+00:00,359b5e6d9269575508a50e71
o2.hit.gemius.pl,AVAILABILITY,domains.list,domains.list,2025-07-08 02:46:40.040331+00:00,359b5e6d9269575508a50e71
o2adpl.hit.gemius.pl,AVAILABILITY,domains.list,domains.list,2025-07-08 02:46:42.553165+00:00,359b5e6d9269575508a50e71
oglasnikadhr.hit.gemius.pl,AVAILABILITY,domains.list,domains.list,2025-07-08 02:46:48.529826+00:00,359b5e6d9269575508a50e71
ohtulehtadee.hit.gemius.pl,AVAILABILITY,domains.list,domains.list,2025-07-08 02:46:49.525680+00:00,359b5e6d9269575508a50e71
olx.hit.gemius.pl,AVAILABILITY,domains.list,domains.list,2025-07-08 02:46:50.499696+00:00,359b5e6d9269575508a50e71
onet.hit.gemius.pl,AVAILABILITY,domains.list,domains.list,2025-07-08 02:46:51.194830+00:00,359b5e6d9269575508a50e71
openx.kokoma.pl,AVAILABILITY,domains.list,domains.list,2025-07-08 02:46:52.334208+00:00,359b5e6d9269575508a50e71
openx.tai.pl,AVAILABILITY,domains.list,domains.list,2025-07-08 02:46:52.812901+00:00,359b5e6d9269575508a50e71
opt.hit.gemius.pl,AVAILABILITY,domains.list,domains.list,2025-07-08 02:46:54.038238+00:00,359b5e6d9269575508a50e71
partner-ts.groupon.pl,AVAILABILITY,domains.list,domains.list,2025-07-08 02:47:04.883637+00:00,359b5e6d9269575508a50e71
partner.ceneo.pl,AVAILABILITY,domains.list,domains.list,2025-07-08 02:47:06.691704+00:00,359b5e6d9269575508a50e71
partner.wapacz.pl,AVAILABILITY,domains.list,domains.list,2025-07-08 02:47:08.754573+00:00,359b5e6d9269575508a50e71
partner.wapster.pl,AVAILABILITY,domains.list,domains.list,2025-07-08 02:47:10.171345+00:00,359b5e6d9269575508a50e71
pl.spanel.gem.pl,AVAILABILITY,domains.list,domains.list,2025-07-08 02:47:11.408470+00:00,359b5e6d9269575508a50e71
playlink.pl,AVAILABILITY,domains.list,domains.list,2025-07-08 02:47:12.185614+00:00,359b5e6d9269575508a50e71
pracuj.adocean.pl,AVAILABILITY,domains.list,domains.list,2025-07-08 02:47:13.311081+00:00,359b5e6d9269575508a50e71
pracuj.hit.gemius.pl,AVAILABILITY,domains.list,domains.list,2025-07-08 02:47:14.311353+00:00,359b5e6d9269575508a50e71
prefix.hit.gemius.pl,AVAILABILITY,domains.list,domains.list,2025-07-08 02:47:15.176515+00:00,359b5e6d9269575508a50e71
pro.hit.gemius.pl,AVAILABILITY,domains.list,domains.list,2025-07-08 02:47:16.051891+00:00,359b5e6d9269575508a50e71
rbcgaru.hit.gemius.pl,AVAILABILITY,domains.list,domains.list,2025-07-08 02:47:18.423218+00:00,359b5e6d9269575508a50e71
realitateadro.hit.gemius.pl,AVAILABILITY,domains.list,domains.list,2025-07-08 02:47:19.547494+00:00,359b5e6d9269575508a50e71
rec.quartic.pl,AVAILABILITY,domains.list,domains.list,2025-07-08 02:47:19.986281+00:00,359b5e6d9269575508a50e71
rek.adtotal.pl,AVAILABILITY,domains.list,domains.list,2025-07-08 02:47:21.078260+00:00,359b5e6d9269575508a50e71
rek.www.wp.pl,AVAILABILITY,domains.list,domains.list,2025-07-08 02:47:22.272530+00:00,359b5e6d9269575508a50e71
reklama.onet.pl,AVAILABILITY,domains.list,domains.list,2025-07-08 02:47:23.061938+00:00,359b5e6d9269575508a50e71
reklamy.sfd.pl,AVAILABILITY,domains.list,domains.list,2025-07-08 02:47:33.217417+00:00,359b5e6d9269575508a50e71
republika.onet.pl,AVAILABILITY,domains.list,domains.list,2025-07-08 02:47:34.391289+00:00,359b5e6d9269575508a50e71
ringieradro.hit.gemius.pl,AVAILABILITY,domains.list,domains.list,2025-07-08 02:47:46.661061+00:00,359b5e6d9269575508a50e71
ringieradrs.hit.gemius.pl,AVAILABILITY,domains.list,domains.list,2025-07-08 02:47:47.550278+00:00,359b5e6d9269575508a50e71
ringierrs.adocean.pl,AVAILABILITY,domains.list,domains.list,2025-07-08 02:47:48.658586+00:00,359b5e6d9269575508a50e71
ro.adocean.pl,AVAILABILITY,domains.list,domains.list,2025-07-08 02:47:49.550473+00:00,359b5e6d9269575508a50e71
ro.hit.gemius.pl,AVAILABILITY,domains.list,domains.list,2025-07-08 02:47:50.579504+00:00,359b5e6d9269575508a50e71
ro1adro.hit.gemius.pl,AVAILABILITY,domains.list,domains.list,2025-07-08 02:47:51.483003+00:00,359b5e6d9269575508a50e71
rogde.adocean.pl,AVAILABILITY,domains.list,domains.list,2025-07-08 02:47:52.489706+00:00,359b5e6d9269575508a50e71
rp.hit.gemius.pl,AVAILABILITY,domains.list,domains.list,2025-07-08 02:47:53.488563+00:00,359b5e6d9269575508a50e71
rs.adocean.pl,AVAILABILITY,domains.list,domains.list,2025-07-08 02:47:54.342013+00:00,359b5e6d9269575508a50e71
rsgde.adocean.pl,AVAILABILITY,domains.list,domains.list,2025-07-08 02:47:55.410500+00:00,359b5e6d9269575508a50e71
s.di.com.pl,AVAILABILITY,domains.list,domains.list,2025-07-08 02:47:58.540427+00:00,359b5e6d9269575508a50e71
scz.hit.gemius.pl,AVAILABILITY,domains.list,domains.list,2025-07-08 02:48:00.817491+00:00,359b5e6d9269575508a50e71
sec.hit.gemius.pl,AVAILABILITY,domains.list,domains.list,2025-07-08 02:48:01.824777+00:00,359b5e6d9269575508a50e71
see.hit.gemius.pl,AVAILABILITY,domains.list,domains.list,2025-07-08 02:48:04.319057+00:00,359b5e6d9269575508a50e71
seznam.hit.gemius.pl,AVAILABILITY,domains.list,domains.list,2025-07-08 02:48:05.160258+00:00,359b5e6d9269575508a50e71
show.smartcontext.pl,AVAILABILITY,domains.list,domains.list,2025-07-08 02:48:06.359050+00:00,359b5e6d9269575508a50e71
si.adocean.pl,AVAILABILITY,domains.list,domains.list,2025-07-08 02:48:07.072891+00:00,359b5e6d9269575508a50e71
si.hit.gemius.pl,AVAILABILITY,domains.list,domains.list,2025-07-08 02:48:07.915117+00:00,359b5e6d9269575508a50e71
sk.adocean.pl,AVAILABILITY,domains.list,domains.list,2025-07-08 02:48:08.974940+00:00,359b5e6d9269575508a50e71
sk.hit.gemius.pl,AVAILABILITY,domains.list,domains.list,2025-07-08 02:48:11.306805+00:00,359b5e6d9269575508a50e71
skgde.adocean.pl,AVAILABILITY,domains.list,domains.list,2025-07-08 02:48:13.633581+00:00,359b5e6d9269575508a50e71
slovakia.hit.gemius.pl,AVAILABILITY,domains.list,domains.list,2025-07-08 02:48:14.471075+00:00,359b5e6d9269575508a50e71
spir.hit.gemius.pl,AVAILABILITY,domains.list,domains.list,2025-07-08 02:48:15.532087+00:00,359b5e6d9269575508a50e71
spl.hit.gemius.pl,AVAILABILITY,domains.list,domains.list,2025-07-08 02:48:16.640484+00:00,359b5e6d9269575508a50e71
sportaladbg.hit.gemius.pl,AVAILABILITY,domains.list,domains.list,2025-07-08 02:48:17.519644+00:00,359b5e6d9269575508a50e71
st.hit.gemius.pl,AVAILABILITY,domains.list,domains.list,2025-07-08 02:48:18.618313+00:00,359b5e6d9269575508a50e71
st1.hit.gemius.pl,AVAILABILITY,domains.list,domains.list,2025-07-08 02:48:19.629322+00:00,359b5e6d9269575508a50e71
stat.4u.pl,AVAILABILITY,domains.list,domains.list,2025-07-08 02:48:20.850150+00:00,359b5e6d9269575508a50e71
stat.ekologia.pl,AVAILABILITY,domains.list,domains.list,2025-07-08 02:48:32.902820+00:00,359b5e6d9269575508a50e71
stat.webmedia.pl,AVAILABILITY,domains.list,domains.list,2025-07-08 02:48:34.297318+00:00,359b5e6d9269575508a50e71
static.clickonometrics.pl,AVAILABILITY,domains.list,domains.list,2025-07-08 02:48:35.459975+00:00,359b5e6d9269575508a50e71
stats.asp24.pl,AVAILABILITY,domains.list,domains.list,2025-07-08 02:48:45.773986+00:00,359b5e6d9269575508a50e71
stats.dziennik.pl,AVAILABILITY,domains.list,domains.list,2025-07-08 02:48:48.108833+00:00,359b5e6d9269575508a50e71
stats.media.onet.pl,AVAILABILITY,domains.list,domains.list,2025-07-08 02:48:58.396688+00:00,359b5e6d9269575508a50e71
std1.hit.gemius.pl,AVAILABILITY,domains.list,domains.list,2025-07-08 02:48:59.410844+00:00,359b5e6d9269575508a50e71
str.hit.gemius.pl,AVAILABILITY,domains.list,domains.list,2025-07-08 02:49:00.383979+00:00,359b5e6d9269575508a50e71
stua.hit.gemius.pl,AVAILABILITY,domains.list,domains.list,2025-07-08 02:49:01.255439+00:00,359b5e6d9269575508a50e71
tags.grajteraz.pl,AVAILABILITY,domains.list,domains.list,2025-07-08 02:49:01.713365+00:00,359b5e6d9269575508a50e71
thinkdigitaladro.hit.gemius.pl,AVAILABILITY,domains.list,domains.list,2025-07-08 02:49:04.110391+00:00,359b5e6d9269575508a50e71
thinkdigitalro.adocean.pl,AVAILABILITY,domains.list,domains.list,2025-07-08 02:49:05.125624+00:00,359b5e6d9269575508a50e71
tr.hit.gemius.pl,AVAILABILITY,domains.list,domains.list,2025-07-08 02:49:07.349499+00:00,359b5e6d9269575508a50e71
tracking.novem.pl,AVAILABILITY,domains.list,domains.list,2025-07-08 02:49:07.479431+00:00,359b5e6d9269575508a50e71
trgde.adocean.pl,AVAILABILITY,domains.list,domains.list,2025-07-08 02:49:08.469624+00:00,359b5e6d9269575508a50e71
tvn.adocean.pl,AVAILABILITY,domains.list,domains.list,2025-07-08 02:49:09.344403+00:00,359b5e6d9269575508a50e71
tvn.hit.gemius.pl,AVAILABILITY,domains.list,domains.list,2025-07-08 02:49:10.342474+00:00,359b5e6d9269575508a50e71
tvn2.adocean.pl,AVAILABILITY,domains.list,domains.list,2025-07-08 02:49:11.348492+00:00,359b5e6d9269575508a50e71
ua.adocean.pl,AVAILABILITY,domains.list,domains.list,2025-07-08 02:49:12.101995+00:00,359b5e6d9269575508a50e71
ua.hit.gemius.pl,AVAILABILITY,domains.list,domains.list,2025-07-08 02:49:13.199965+00:00,359b5e6d9269575508a50e71
vbadbg.hit.gemius.pl,AVAILABILITY,domains.list,domains.list,2025-07-08 02:49:14.443831+00:00,359b5e6d9269575508a50e71
vbbg.adocean.pl,AVAILABILITY,domains.list,domains.list,2025-07-08 02:49:15.214006+00:00,359b5e6d9269575508a50e71
webgroundadbg.hit.gemius.pl,AVAILABILITY,domains.list,domains.list,2025-07-08 02:49:16.114032+00:00,359b5e6d9269575508a50e71
webgroundbg.adocean.pl,AVAILABILITY,domains.list,domains.list,2025-07-08 02:49:17.118632+00:00,359b5e6d9269575508a50e71
webhosting-ads.home.pl,AVAILABILITY,domains.list,domains.list,2025-07-08 02:49:27.255083+00:00,359b5e6d9269575508a50e71
wp.hit.gemius.pl,AVAILABILITY,domains.list,domains.list,2025-07-08 02:49:28.128617+00:00,359b5e6d9269575508a50e71
wykop.hit.gemius.pl,AVAILABILITY,domains.list,domains.list,2025-07-08 02:49:29.069375+00:00,359b5e6d9269575508a50e71
x.interia.pl,AVAILABILITY,domains.list,domains.list,2025-07-08 02:49:29.814626+00:00,359b5e6d9269575508a50e71
xed.pl,AVAILABILITY,domains.list,domains.list,2025-07-08 02:49:30.160127+00:00,359b5e6d9269575508a50e71
xstatic.nk-net.pl,AVAILABILITY,domains.list,domains.list,2025-07-08 02:49:31.037842+00:00,359b5e6d9269575508a50e71
chip.pl.intellitxt.com,AVAILABILITY,domains.list,domains.list,2025-07-08 02:49:31.426556+00:00,359b5e6d9269575508a50e71
sisco.hit.stat.pl,AVAILABILITY,domains.list,domains.list,2025-07-08 02:49:38.326931+00:00,359b5e6d9269575508a50e71
investorbg.adocean.pl,AVAILABILITY,domains.list,domains.list,2025-07-08 02:49:39.242559+00:00,359b5e6d9269575508a50e71
s1.delfilt.adocean.pl,AVAILABILITY,domains.list,domains.list,2025-07-08 02:49:42.796292+00:00,359b5e6d9269575508a50e71
panel.adtify.pl,AVAILABILITY,domains.list,domains.list,2025-07-08 02:49:43.055498+00:00,359b5e6d9269575508a50e71
openx.xenium.pl,AVAILABILITY,domains.list,domains.list,2025-07-08 02:49:43.751313+00:00,359b5e6d9269575508a50e71
ad.glossymedia.pl,AVAILABILITY,domains.list,domains.list,2025-07-08 02:49:46.597761+00:00,359b5e6d9269575508a50e71
ua.cnt.gemius.pl,AVAILABILITY,domains.list,domains.list,2025-07-08 02:49:48.260831+00:00,359b5e6d9269575508a50e71
www.adspiro.pl,AVAILABILITY,domains.list,domains.list,2025-07-08 02:49:48.947721+00:00,359b5e6d9269575508a50e71
www.intrack.pl,AVAILABILITY,domains.list,domains.list,2025-07-08 02:49:49.177419+00:00,359b5e6d9269575508a50e71
www.mystat.pl,AVAILABILITY,domains.list,domains.list,2025-07-08 02:49:53.177423+00:00,359b5e6d9269575508a50e71
www.adserver.home.pl,AVAILABILITY,domains.list,domains.list,2025-07-08 02:49:55.035326+00:00,359b5e6d9269575508a50e71
media.adcarousel.pl,AVAILABILITY,domains.list,domains.list,2025-07-08 02:49:55.500430+00:00,359b5e6d9269575508a50e71
spanel.gem.pl,AVAILABILITY,domains.list,domains.list,2025-07-08 02:49:56.824050+00:00,359b5e6d9269575508a50e71
ads.clickad.com.pl,AVAILABILITY,domains.list,domains.list,2025-07-08 02:49:57.797073+00:00,359b5e6d9269575508a50e71
ads2.rp.pl,AVAILABILITY,domains.list,domains.list,2025-07-08 02:49:58.146306+00:00,359b5e6d9269575508a50e71
gg.mob.vendimob.pl,AVAILABILITY,domains.list,domains.list,2025-07-08 02:49:59.365777+00:00,359b5e6d9269575508a50e71
onet.hit.stat.pl,AVAILABILITY,domains.list,domains.list,2025-07-08 02:50:03.073025+00:00,359b5e6d9269575508a50e71
openx.cda.pl,AVAILABILITY,domains.list,domains.list,2025-07-08 02:50:03.282222+00:00,359b5e6d9269575508a50e71
www.adtaily.pl,AVAILABILITY,domains.list,domains.list,2025-07-08 02:50:04.653207+00:00,359b5e6d9269575508a50e71
banery.acr.pl,AVAILABILITY,domains.list,domains.list,2025-07-08 02:50:06.101769+00:00,359b5e6d9269575508a50e71
unblock.onaudience.com,AVAILABILITY,domains.list,domains.list,2025-07-08 02:50:06.315685+00:00,359b5e6d9269575508a50e71
digital4ro.adocean.pl,AVAILABILITY,domains.list,domains.list,2025-07-08 02:50:07.729155+00:00,359b5e6d9269575508a50e71
ro1ro.adocean.pl,AVAILABILITY,domains.list,domains.list,2025-07-08 02:50:08.680802+00:00,359b5e6d9269575508a50e71
gratkapl.adocean.pl,AVAILABILITY,domains.list,domains.list,2025-07-08 02:50:10.233866+00:00,359b5e6d9269575508a50e71
lrytaslt.adocean.pl,AVAILABILITY,domains.list,domains.list,2025-07-08 02:50:11.534329+00:00,359b5e6d9269575508a50e71
obozua.adocean.pl,AVAILABILITY,domains.list,domains.list,2025-07-08 02:50:12.424865+00:00,359b5e6d9269575508a50e71
s1.gojobsru.adocean.pl,AVAILABILITY,domains.list,domains.list,2025-07-08 02:50:13.702077+00:00,359b5e6d9269575508a50e71
:1%lo0,AVAILABILITY,domains.list,domains.list,2025-07-08 02:50:13.816584+00:00,359b5e6d9269575508a50e71
s1.gratkapl.adocean.pl,AVAILABILITY,domains.list,domains.list,2025-07-08 02:50:15.358675+00:00,359b5e6d9269575508a50e71
s1.pracuj.adocean.pl,AVAILABILITY,domains.list,domains.list,2025-07-08 02:50:17.150489+00:00,359b5e6d9269575508a50e71
sportalbg.adocean.pl,AVAILABILITY,domains.list,domains.list,2025-07-08 02:50:18.301202+00:00,359b5e6d9269575508a50e71
15minlt.adocean.pl,AVAILABILITY,domains.list,domains.list,2025-07-08 02:50:19.331186+00:00,359b5e6d9269575508a50e71
adserver2.atman.pl,AVAILABILITY,domains.list,domains.list,2025-07-08 02:50:20.183484+00:00,359b5e6d9269575508a50e71
cookiecontainer.blox.pl,AVAILABILITY,domains.list,domains.list,2025-07-08 02:50:20.966043+00:00,359b5e6d9269575508a50e71
partner.pobieraczek.pl,AVAILABILITY,domains.list,domains.list,2025-07-08 02:50:21.216960+00:00,359b5e6d9269575508a50e71
huomdgde.adocean.pl,AVAILABILITY,domains.list,domains.list,2025-07-08 02:50:22.236108+00:00,359b5e6d9269575508a50e71
by.adocean.pl,AVAILABILITY,domains.list,domains.list,2025-07-08 02:50:23.004823+00:00,359b5e6d9269575508a50e71
afilv.adocean.pl,AVAILABILITY,domains.list,domains.list,2025-07-08 02:50:23.920024+00:00,359b5e6d9269575508a50e71
delfiee.adocean.pl,AVAILABILITY,domains.list,domains.list,2025-07-08 02:50:25.203998+00:00,359b5e6d9269575508a50e71
delfilt.adocean.pl,AVAILABILITY,domains.list,domains.list,2025-07-08 02:50:26.246353+00:00,359b5e6d9269575508a50e71
bbcdn.go.pl.bbelements.com,AVAILABILITY,domains.list,domains.list,2025-07-08 02:50:28.651484+00:00,359b5e6d9269575508a50e71
go.pl.bbelements.com,AVAILABILITY,domains.list,domains.list,2025-07-08 02:50:30.113999+00:00,359b5e6d9269575508a50e71
delfilv.adocean.pl,AVAILABILITY,domains.list,domains.list,2025-07-08 02:50:31.001368+00:00,359b5e6d9269575508a50e71
diginet.adocean.pl,AVAILABILITY,domains.list,domains.list,2025-07-08 02:50:32.039984+00:00,359b5e6d9269575508a50e71
gde.adocean.pl,AVAILABILITY,domains.list,domains.list,2025-07-08 02:50:33.063260+00:00,359b5e6d9269575508a50e71
gg.adocean.pl,AVAILABILITY,domains.list,domains.list,2025-07-08 02:50:34.347075+00:00,359b5e6d9269575508a50e71
ilgde.adocean.pl,AVAILABILITY,domains.list,domains.list,2025-07-08 02:50:35.775703+00:00,359b5e6d9269575508a50e71
ohtulehtee.adocean.pl,AVAILABILITY,domains.list,domains.list,2025-07-08 02:50:36.547059+00:00,359b5e6d9269575508a50e71
realitatero.adocean.pl,AVAILABILITY,domains.list,domains.list,2025-07-08 02:50:37.816957+00:00,359b5e6d9269575508a50e71
ringierro.adocean.pl,AVAILABILITY,domains.list,domains.list,2025-07-08 02:50:38.693878+00:00,359b5e6d9269575508a50e71
s1.czgde.adocean.pl,AVAILABILITY,domains.list,domains.list,2025-07-08 02:50:41.471889+00:00,359b5e6d9269575508a50e71
